name,method,oof_bal_acc,threshold,test_pos_rate,changed_vs_anchor,diff_pct_vs_anchor,note,file_path,ranking_score
remove_0.03,noisy,0.7955255313304372,0.6039999999999995,0.36363636363636365,1,0.022727272727272728,noisy,stage3_submissions/submission_noisy_removed_frac0.03.csv,0.7985255313304372
submission_blend_wavg_k4_65802595,blend_search,0.7901984221850347,0.6059999999999995,0.36363636363636365,1,0.022727272727272728,blend,stage3_submissions/submission_submission_blend_wavg_k4_65802595.csv,0.7931984221850347
submission_blend_wavg_k4_91141169,blend_search,0.7880707626105665,0.6069999999999995,0.36363636363636365,1,0.022727272727272728,blend,stage3_submissions/submission_submission_blend_wavg_k4_91141169.csv,0.7910707626105665
submission_blend_wavg_k4_13591155,blend_search,0.7870666985417165,0.6039999999999995,0.36363636363636365,1,0.022727272727272728,blend,stage3_submissions/submission_submission_blend_wavg_k4_13591155.csv,0.7900666985417165
submission_blend_wavg_k4_55541543,blend_search,0.7870666985417165,0.6039999999999995,0.36363636363636365,1,0.022727272727272728,blend,stage3_submissions/submission_submission_blend_wavg_k4_55541543.csv,0.7900666985417165
submission_blend_wavg_k3_47707578,blend_search,0.7869471671049486,0.6149999999999994,0.36363636363636365,1,0.022727272727272728,blend,stage3_submissions/submission_submission_blend_wavg_k3_47707578.csv,0.7899471671049486
submission_blend_wavg_k3_20125678,blend_search,0.7869471671049486,0.6109999999999995,0.36363636363636365,1,0.022727272727272728,blend,stage3_submissions/submission_submission_blend_wavg_k3_20125678.csv,0.7899471671049486
submission_blend_wavg_k4_38897492,blend_search,0.7869471671049486,0.6029999999999995,0.36363636363636365,1,0.022727272727272728,blend,stage3_submissions/submission_submission_blend_wavg_k4_38897492.csv,0.7899471671049486
submission_blend_wavg_k4_54433403,blend_search,0.7868276356681807,0.6029999999999995,0.36363636363636365,1,0.022727272727272728,blend,stage3_submissions/submission_submission_blend_wavg_k4_54433403.csv,0.7898276356681807
submission_blend_wavg_k4_29471950,blend_search,0.7868276356681807,0.6049999999999995,0.36363636363636365,1,0.022727272727272728,blend,stage3_submissions/submission_submission_blend_wavg_k4_29471950.csv,0.7898276356681807
submission_blend_wavg_k3_89826579,blend_search,0.7860626344728664,0.5999999999999995,0.36363636363636365,1,0.022727272727272728,blend,stage3_submissions/submission_submission_blend_wavg_k3_89826579.csv,0.7890626344728664
submission_blend_wavg_k4_25504010,blend_search,0.7860626344728664,0.5979999999999995,0.36363636363636365,1,0.022727272727272728,blend,stage3_submissions/submission_submission_blend_wavg_k4_25504010.csv,0.7890626344728664
submission_blend_wavg_k5_73612245,blend_search,0.7860626344728664,0.5959999999999995,0.36363636363636365,1,0.022727272727272728,blend,stage3_submissions/submission_submission_blend_wavg_k5_73612245.csv,0.7890626344728664
submission_blend_wavg_k3_80797533,blend_search,0.7859431030360985,0.6109999999999995,0.36363636363636365,1,0.022727272727272728,blend,stage3_submissions/submission_submission_blend_wavg_k3_80797533.csv,0.7889431030360985
submission_blend_wavg_k4_97347245,blend_search,0.7859431030360985,0.6109999999999995,0.36363636363636365,1,0.022727272727272728,blend,stage3_submissions/submission_submission_blend_wavg_k4_97347245.csv,0.7889431030360985
submission_blend_wavg_k2_29492967,blend_search,0.7858235715993307,0.6189999999999994,0.36363636363636365,1,0.022727272727272728,blend,stage3_submissions/submission_submission_blend_wavg_k2_29492967.csv,0.7888235715993307
submission_blend_wavg_k3_18207583,blend_search,0.7858235715993307,0.6189999999999994,0.36363636363636365,1,0.022727272727272728,blend,stage3_submissions/submission_submission_blend_wavg_k3_18207583.csv,0.7888235715993307
submission_blend_wavg_k3_60252784,blend_search,0.7858235715993307,0.6189999999999994,0.36363636363636365,1,0.022727272727272728,blend,stage3_submissions/submission_submission_blend_wavg_k3_60252784.csv,0.7888235715993307
submission_blend_wavg_k3_79662390,blend_search,0.7858235715993307,0.6079999999999995,0.36363636363636365,1,0.022727272727272728,blend,stage3_submissions/submission_submission_blend_wavg_k3_79662390.csv,0.7888235715993307
submission_blend_wavg_k3_1536289,blend_search,0.7858235715993307,0.6189999999999994,0.36363636363636365,1,0.022727272727272728,blend,stage3_submissions/submission_submission_blend_wavg_k3_1536289.csv,0.7888235715993307
submission_blend_wavg_k3_9629666,blend_search,0.7858235715993307,0.6189999999999994,0.36363636363636365,1,0.022727272727272728,blend,stage3_submissions/submission_submission_blend_wavg_k3_9629666.csv,0.7888235715993307
submission_blend_wavg_k3_95057321,blend_search,0.7858235715993307,0.6139999999999994,0.36363636363636365,1,0.022727272727272728,blend,stage3_submissions/submission_submission_blend_wavg_k3_95057321.csv,0.7888235715993307
submission_blend_wavg_k2_72714968,blend_search,0.7857040401625628,0.6199999999999994,0.36363636363636365,1,0.022727272727272728,blend,stage3_submissions/submission_submission_blend_wavg_k2_72714968.csv,0.7887040401625628
submission_blend_wavg_k3_22977537,blend_search,0.7857040401625628,0.6199999999999994,0.36363636363636365,1,0.022727272727272728,blend,stage3_submissions/submission_submission_blend_wavg_k3_22977537.csv,0.7887040401625628
submission_blend_wavg_k3_5713869,blend_search,0.7857040401625628,0.6179999999999994,0.36363636363636365,1,0.022727272727272728,blend,stage3_submissions/submission_submission_blend_wavg_k3_5713869.csv,0.7887040401625628
submission_blend_wavg_k3_95433042,blend_search,0.7857040401625628,0.6149999999999994,0.36363636363636365,1,0.022727272727272728,blend,stage3_submissions/submission_submission_blend_wavg_k3_95433042.csv,0.7887040401625628
submission_blend_wavg_k3_43472982,blend_search,0.7857040401625628,0.6169999999999994,0.36363636363636365,1,0.022727272727272728,blend,stage3_submissions/submission_submission_blend_wavg_k3_43472982.csv,0.7887040401625628
submission_blend_wavg_k3_398482,blend_search,0.7857040401625628,0.6199999999999994,0.36363636363636365,1,0.022727272727272728,blend,stage3_submissions/submission_submission_blend_wavg_k3_398482.csv,0.7887040401625628
submission_blend_wavg_k3_9635826,blend_search,0.7857040401625628,0.6219999999999994,0.36363636363636365,1,0.022727272727272728,blend,stage3_submissions/submission_submission_blend_wavg_k3_9635826.csv,0.7887040401625628
submission_blend_wavg_k3_5143458,blend_search,0.7857040401625628,0.6239999999999994,0.36363636363636365,1,0.022727272727272728,blend,stage3_submissions/submission_submission_blend_wavg_k3_5143458.csv,0.7887040401625628
submission_blend_wavg_k4_59733731,blend_search,0.7857040401625628,0.6039999999999995,0.36363636363636365,1,0.022727272727272728,blend,stage3_submissions/submission_submission_blend_wavg_k4_59733731.csv,0.7887040401625628
submission_blend_wavg_k5_8674645,blend_search,0.785297633277552,0.5669999999999995,0.36363636363636365,1,0.022727272727272728,blend,stage3_submissions/submission_submission_blend_wavg_k5_8674645.csv,0.788297633277552
submission_blend_wavg_k4_55976125,blend_search,0.7849390389672484,0.6109999999999995,0.36363636363636365,1,0.022727272727272728,blend,stage3_submissions/submission_submission_blend_wavg_k4_55976125.csv,0.7879390389672484
submission_blend_wavg_k5_69286491,blend_search,0.7849390389672484,0.6049999999999995,0.36363636363636365,1,0.022727272727272728,blend,stage3_submissions/submission_submission_blend_wavg_k5_69286491.csv,0.7879390389672484
submission_blend_wavg_k5_11336361,blend_search,0.7849390389672484,0.5939999999999995,0.36363636363636365,1,0.022727272727272728,blend,stage3_submissions/submission_submission_blend_wavg_k5_11336361.csv,0.7879390389672484
submission_blend_wavg_k3_78613717,blend_search,0.7849390389672484,0.6109999999999995,0.36363636363636365,1,0.022727272727272728,blend,stage3_submissions/submission_submission_blend_wavg_k3_78613717.csv,0.7879390389672484
submission_blend_wavg_k4_76147793,blend_search,0.7849390389672484,0.5949999999999995,0.36363636363636365,1,0.022727272727272728,blend,stage3_submissions/submission_submission_blend_wavg_k4_76147793.csv,0.7879390389672484
submission_blend_wavg_k3_42757045,blend_search,0.7849390389672484,0.6089999999999995,0.36363636363636365,1,0.022727272727272728,blend,stage3_submissions/submission_submission_blend_wavg_k3_42757045.csv,0.7879390389672484
submission_blend_wavg_k3_3323344,blend_search,0.7849390389672484,0.5979999999999995,0.36363636363636365,1,0.022727272727272728,blend,stage3_submissions/submission_submission_blend_wavg_k3_3323344.csv,0.7879390389672484
submission_blend_wavg_k3_92944181,blend_search,0.7849390389672484,0.5969999999999995,0.36363636363636365,1,0.022727272727272728,blend,stage3_submissions/submission_submission_blend_wavg_k3_92944181.csv,0.7879390389672484
submission_blend_wavg_k3_78822163,blend_search,0.7848195075304805,0.6129999999999995,0.36363636363636365,1,0.022727272727272728,blend,stage3_submissions/submission_submission_blend_wavg_k3_78822163.csv,0.7878195075304805
submission_blend_wavg_k2_82347763,blend_search,0.7848195075304805,0.6189999999999994,0.36363636363636365,1,0.022727272727272728,blend,stage3_submissions/submission_submission_blend_wavg_k2_82347763.csv,0.7878195075304805
submission_blend_wavg_k3_24605039,blend_search,0.7848195075304805,0.6199999999999994,0.36363636363636365,1,0.022727272727272728,blend,stage3_submissions/submission_submission_blend_wavg_k3_24605039.csv,0.7878195075304805
submission_blend_wavg_k3_67389668,blend_search,0.7848195075304805,0.6189999999999994,0.36363636363636365,1,0.022727272727272728,blend,stage3_submissions/submission_submission_blend_wavg_k3_67389668.csv,0.7878195075304805
submission_blend_wavg_k3_59542580,blend_search,0.7848195075304805,0.6189999999999994,0.36363636363636365,1,0.022727272727272728,blend,stage3_submissions/submission_submission_blend_wavg_k3_59542580.csv,0.7878195075304805
submission_blend_wavg_k3_67071706,blend_search,0.7848195075304805,0.6099999999999995,0.36363636363636365,1,0.022727272727272728,blend,stage3_submissions/submission_submission_blend_wavg_k3_67071706.csv,0.7878195075304805
submission_blend_wavg_k3_12398207,blend_search,0.7848195075304805,0.6099999999999995,0.36363636363636365,1,0.022727272727272728,blend,stage3_submissions/submission_submission_blend_wavg_k3_12398207.csv,0.7878195075304805
submission_blend_wavg_k3_54000873,blend_search,0.7848195075304805,0.6189999999999994,0.36363636363636365,1,0.022727272727272728,blend,stage3_submissions/submission_submission_blend_wavg_k3_54000873.csv,0.7878195075304805
submission_blend_wavg_k3_82697418,blend_search,0.7846999760937127,0.6229999999999994,0.36363636363636365,1,0.022727272727272728,blend,stage3_submissions/submission_submission_blend_wavg_k3_82697418.csv,0.7876999760937127
submission_blend_wavg_k3_84093875,blend_search,0.7846999760937127,0.6149999999999994,0.36363636363636365,1,0.022727272727272728,blend,stage3_submissions/submission_submission_blend_wavg_k3_84093875.csv,0.7876999760937127
submission_blend_wavg_k3_19268621,blend_search,0.7846999760937127,0.6309999999999995,0.36363636363636365,1,0.022727272727272728,blend,stage3_submissions/submission_submission_blend_wavg_k3_19268621.csv,0.7876999760937127
submission_blend_wavg_k3_65022738,blend_search,0.7846999760937127,0.6149999999999994,0.36363636363636365,1,0.022727272727272728,blend,stage3_submissions/submission_submission_blend_wavg_k3_65022738.csv,0.7876999760937127
submission_blend_wavg_k4_80743901,blend_search,0.7845804446569449,0.6029999999999995,0.36363636363636365,1,0.022727272727272728,blend,stage3_submissions/submission_submission_blend_wavg_k4_80743901.csv,0.7875804446569449
submission_blend_wavg_k4_15420786,blend_search,0.7845804446569449,0.5989999999999995,0.36363636363636365,1,0.022727272727272728,blend,stage3_submissions/submission_submission_blend_wavg_k4_15420786.csv,0.7875804446569449
submission_blend_wavg_k4_29602476,blend_search,0.7845804446569449,0.6009999999999995,0.36363636363636365,1,0.022727272727272728,blend,stage3_submissions/submission_submission_blend_wavg_k4_29602476.csv,0.7875804446569449
submission_blend_wavg_k4_44755493,blend_search,0.7845804446569449,0.5979999999999995,0.36363636363636365,1,0.022727272727272728,blend,stage3_submissions/submission_submission_blend_wavg_k4_44755493.csv,0.7875804446569449
submission_blend_wavg_k4_48034804,blend_search,0.7845804446569449,0.5999999999999995,0.36363636363636365,1,0.022727272727272728,blend,stage3_submissions/submission_submission_blend_wavg_k4_48034804.csv,0.7875804446569449
submission_blend_wavg_k3_26657995,blend_search,0.7845804446569449,0.6189999999999994,0.36363636363636365,1,0.022727272727272728,blend,stage3_submissions/submission_submission_blend_wavg_k3_26657995.csv,0.7875804446569449
submission_blend_wavg_k3_80045420,blend_search,0.7842935692087019,0.5649999999999995,0.38636363636363635,2,0.045454545454545456,blend,stage3_submissions/submission_submission_blend_wavg_k3_80045420.csv,0.7872935692087019
avg_ensemble_avg_top3_logreg_full,blend_search,0.784174037771934,0.5919999999999995,0.38636363636363635,2,0.045454545454545456,blend,stage3_submissions/submission_avg_ensemble_avg_top3_logreg_full.csv,0.787174037771934
submission_blend_wavg_k2_8031507,blend_search,0.784174037771934,0.5919999999999995,0.38636363636363635,2,0.045454545454545456,blend,stage3_submissions/submission_submission_blend_wavg_k2_8031507.csv,0.787174037771934
submission_blend_wavg_k4_27075595,blend_search,0.784174037771934,0.5689999999999995,0.36363636363636365,1,0.022727272727272728,blend,stage3_submissions/submission_submission_blend_wavg_k4_27075595.csv,0.787174037771934
submission_blend_wavg_k4_21329219,blend_search,0.7869471671049486,0.6159999999999994,0.3409090909090909,0,0.0,blend,stage3_submissions/submission_submission_blend_wavg_k4_21329219.csv,0.7869471671049486
submission_blend_wavg_k5_16161210,blend_search,0.7839349748983984,0.5669999999999995,0.36363636363636365,1,0.022727272727272728,blend,stage3_submissions/submission_submission_blend_wavg_k5_16161210.csv,0.7869349748983984
submission_blend_wavg_k2_4576962,blend_search,0.7838154434616305,0.5959999999999995,0.36363636363636365,1,0.022727272727272728,blend,stage3_submissions/submission_submission_blend_wavg_k2_4576962.csv,0.7868154434616305
submission_blend_wavg_k2_96203319,blend_search,0.7838154434616305,0.6099999999999995,0.36363636363636365,1,0.022727272727272728,blend,stage3_submissions/submission_submission_blend_wavg_k2_96203319.csv,0.7868154434616305
submission_blend_wavg_k3_28020407,blend_search,0.7838154434616305,0.5959999999999995,0.36363636363636365,1,0.022727272727272728,blend,stage3_submissions/submission_submission_blend_wavg_k3_28020407.csv,0.7868154434616305
submission_blend_wavg_k3_3786653,blend_search,0.7838154434616305,0.5989999999999995,0.36363636363636365,1,0.022727272727272728,blend,stage3_submissions/submission_submission_blend_wavg_k3_3786653.csv,0.7868154434616305
submission_blend_wavg_k4_90145816,blend_search,0.7859431030360985,0.6199999999999994,0.3409090909090909,0,0.0,blend,stage3_submissions/submission_submission_blend_wavg_k4_90145816.csv,0.7859431030360985
submission_blend_wavg_k3_10196514,blend_search,0.7846999760937127,0.6299999999999994,0.3409090909090909,0,0.0,blend,stage3_submissions/submission_submission_blend_wavg_k3_10196514.csv,0.7846999760937127
submission_blend_wavg_k3_55601671,blend_search,0.7846999760937127,0.6289999999999994,0.3409090909090909,0,0.0,blend,stage3_submissions/submission_submission_blend_wavg_k3_55601671.csv,0.7846999760937127
submission_blend_wavg_k3_64843345,blend_search,0.7846999760937127,0.6299999999999994,0.3409090909090909,0,0.0,blend,stage3_submissions/submission_submission_blend_wavg_k3_64843345.csv,0.7846999760937127
submission_blend_wavg_k3_37597811,blend_search,0.7846999760937127,0.6239999999999994,0.3409090909090909,0,0.0,blend,stage3_submissions/submission_submission_blend_wavg_k3_37597811.csv,0.7846999760937127
submission_blend_wavg_k3_51559717,blend_search,0.7846999760937127,0.6289999999999994,0.3409090909090909,0,0.0,blend,stage3_submissions/submission_submission_blend_wavg_k3_51559717.csv,0.7846999760937127
submission_blend_wavg_k3_66251861,blend_search,0.7845804446569449,0.6529999999999995,0.3409090909090909,0,0.0,blend,stage3_submissions/submission_submission_blend_wavg_k3_66251861.csv,0.7845804446569449
submission_blend_wavg_k4_59195854,blend_search,0.7845804446569449,0.6239999999999994,0.3409090909090909,0,0.0,blend,stage3_submissions/submission_submission_blend_wavg_k4_59195854.csv,0.7845804446569449
submission_blend_wavg_k2_95731063,blend_search,0.7845804446569449,0.6529999999999995,0.3409090909090909,0,0.0,blend,stage3_submissions/submission_submission_blend_wavg_k2_95731063.csv,0.7845804446569449
submission_blend_wavg_k3_23687741,blend_search,0.7845804446569449,0.6529999999999995,0.3409090909090909,0,0.0,blend,stage3_submissions/submission_submission_blend_wavg_k3_23687741.csv,0.7845804446569449
submission_blend_wavg_k3_51981000,blend_search,0.784460913220177,0.6159999999999994,0.3409090909090909,0,0.0,blend,stage3_submissions/submission_submission_blend_wavg_k3_51981000.csv,0.784460913220177
submission_blend_wavg_k4_12546735,blend_search,0.784460913220177,0.6349999999999995,0.3409090909090909,0,0.0,blend,stage3_submissions/submission_submission_blend_wavg_k4_12546735.csv,0.784460913220177
submission_blend_wavg_k2_87127223,blend_search,0.784460913220177,0.6159999999999994,0.3409090909090909,0,0.0,blend,stage3_submissions/submission_submission_blend_wavg_k2_87127223.csv,0.784460913220177
remove_0.02,noisy,0.7806218279183151,0.45699999999999963,0.38636363636363635,2,0.045454545454545456,noisy,stage3_submissions/submission_noisy_removed_frac0.02.csv,0.7836218279183151
anchor_flip_1,anchor_flip,0.7789624671288549,0.6109999999999995,0.36363636363636365,1,0.022727272727272728,flip_budget=1,stage3_submissions/submission_anchor_flip_1.csv,0.7819624671288549
submission_pseudo_lo0.10_hi0.90_w0.25,pseudo_label,0.7787951231173799,0.5049999999999996,0.36363636363636365,1,0.022727272727272728,pseudo_0.1_0.9_w0.25,stage3_submissions/submission_pseudo_lo0.10_hi0.90_w0.25.csv,0.7817951231173799
remove_0.01,noisy,0.7745887191539365,0.5909999999999995,0.36363636363636365,1,0.022727272727272728,noisy,stage3_submissions/submission_noisy_removed_frac0.01.csv,0.7775887191539365
catboost_cw_1.5,class_weight,0.7745398039684437,0.6019999999999995,0.3636363636363636,1,0.022727272727272728,class_weight,stage3_submissions/submission_classweight_m1.50.csv,0.7775398039684437
submission_pseudo_lo0.05_hi0.95_w0.50,pseudo_label,0.7741812096581401,0.5739999999999995,0.36363636363636365,1,0.022727272727272728,pseudo_0.05_0.95_w0.5,stage3_submissions/submission_pseudo_lo0.05_hi0.95_w0.50.csv,0.7771812096581401
submission_pseudo_lo0.10_hi0.90_w0.50,pseudo_label,0.7727707387042793,0.4969999999999996,0.36363636363636365,1,0.022727272727272728,pseudo_0.1_0.9_w0.5,stage3_submissions/submission_pseudo_lo0.10_hi0.90_w0.50.csv,0.7757707387042793
submission_thr_0.556_pos_0.364,threshold_sweep,0.7722926129572077,0.556,0.36363636363636365,1,0.022727272727272728,global+local_threshold_grid,stage3_submissions/submission_thr_0.556_pos_0.364.csv,0.7752926129572077
submission_pseudo_lo0.10_hi0.90_w0.75,pseudo_label,0.770929954578054,0.5509999999999995,0.36363636363636365,1,0.022727272727272728,pseudo_0.1_0.9_w0.75,stage3_submissions/submission_pseudo_lo0.10_hi0.90_w0.75.csv,0.773929954578054
submission_thr_0.564_pos_0.341,threshold_sweep,0.77317714558929,0.5640000000000001,0.3409090909090909,0,0.0,global+local_threshold_grid,stage3_submissions/submission_thr_0.564_pos_0.341.csv,0.77317714558929
downweight_0.03,noisy,0.7697585464977289,0.5009999999999996,0.38636363636363635,2,0.045454545454545456,noisy,stage3_submissions/submission_noisy_downweight_frac0.03_w0.25.csv,0.7727585464977289
ablation_catboost_top20,feature_ablation,0.7726990198422186,0.6139999999999994,0.3409090909090909,0,0.0,catboost_ablation,stage3_submissions/submission_ablation_catboost_top20.csv,0.7726990198422186
submission_pseudo_lo0.07_hi0.93_w0.75,pseudo_label,0.7695672961989003,0.5649999999999995,0.36363636363636365,1,0.022727272727272728,pseudo_0.07_0.93_w0.75,stage3_submissions/submission_pseudo_lo0.07_hi0.93_w0.75.csv,0.7725672961989003
ablation_catboost_top30,feature_ablation,0.7686349509921109,0.5109999999999996,0.36363636363636365,1,0.022727272727272728,catboost_ablation,stage3_submissions/submission_ablation_catboost_top30.csv,0.7716349509921109
catboost_cw_2.0,class_weight,0.770093234520679,0.7099999999999994,0.3409090909090909,0,0.0,class_weight,stage3_submissions/submission_classweight_m2.00.csv,0.770093234520679
downweight_0.01,noisy,0.7668658857279465,0.4729999999999996,0.36363636363636365,1,0.022727272727272728,noisy,stage3_submissions/submission_noisy_downweight_frac0.01_w0.50.csv,0.7698658857279465
catboost_cw_1.25,class_weight,0.7693282333253646,0.6149999999999994,0.3409090909090909,0,0.0,class_weight,stage3_submissions/submission_classweight_m1.25.csv,0.7693282333253646
downweight_0.03,noisy,0.7661486971073392,0.5319999999999996,0.38636363636363635,2,0.045454545454545456,noisy,stage3_submissions/submission_noisy_downweight_frac0.03_w0.50.csv,0.7691486971073392
ablation_catboost_top15,feature_ablation,0.7666746354291178,0.5449999999999996,0.4090909090909091,3,0.06818181818181818,catboost_ablation,stage3_submissions/submission_ablation_catboost_top15.csv,0.7686746354291178
ablation_catboost_no_interactions,feature_ablation,0.7649533827396605,0.5939999999999995,0.36363636363636365,1,0.022727272727272728,catboost_ablation,stage3_submissions/submission_ablation_catboost_no_interactions.csv,0.7679533827396605
toplike_90,shift,0.764520202020202,0.4819999999999996,0.38636363636363635,2,0.045454545454545456,shift,stage3_submissions/submission_shift_toplike_90.csv,0.767520202020202
toplike_70,shift,0.7674904281239123,0.5919999999999995,0.3409090909090909,0,0.0,shift,stage3_submissions/submission_shift_toplike_70.csv,0.7674904281239123
submission_pseudo_lo0.05_hi0.95_w0.75,pseudo_label,0.7674396366244323,0.5529999999999995,0.3409090909090909,0,0.0,pseudo_0.05_0.95_w0.75,stage3_submissions/submission_pseudo_lo0.05_hi0.95_w0.75.csv,0.7674396366244323
submission_pseudo_lo0.05_hi0.95_w0.25,pseudo_label,0.7674396366244323,0.5709999999999995,0.3409090909090909,0,0.0,pseudo_0.05_0.95_w0.25,stage3_submissions/submission_pseudo_lo0.05_hi0.95_w0.25.csv,0.7674396366244323
ablation_catboost_one_hot_only,feature_ablation,0.764140568969639,0.5079999999999996,0.38636363636363635,2,0.045454545454545456,catboost_ablation,stage3_submissions/submission_ablation_catboost_one_hot_only.csv,0.767140568969639
ablation_catboost_only_target_encoded_cat_plus_numeric,feature_ablation,0.764140568969639,0.5079999999999996,0.38636363636363635,2,0.045454545454545456,catboost_ablation,stage3_submissions/submission_ablation_catboost_only_target_encoded_cat_plus_numeric.csv,0.767140568969639
unweighted,shift,0.764140568969639,0.5079999999999996,0.38636363636363635,2,0.045454545454545456,shift,stage3_submissions/submission_shift_weight_unweighted.csv,0.767140568969639
ablation_catboost_all,feature_ablation,0.764140568969639,0.5079999999999996,0.38636363636363635,2,0.045454545454545456,catboost_ablation,stage3_submissions/submission_ablation_catboost_all.csv,0.767140568969639
catboost_cw_0.75,class_weight,0.7639015060961032,0.4829999999999996,0.3636363636363636,1,0.022727272727272728,class_weight,stage3_submissions/submission_classweight_m0.75.csv,0.7669015060961032
downweight_0.02,noisy,0.7658379153717427,0.5839999999999995,0.3409090909090909,0,0.0,noisy,stage3_submissions/submission_noisy_downweight_frac0.02_w0.50.csv,0.7658379153717427
submission_pseudo_lo0.07_hi0.93_w0.25,pseudo_label,0.7637341620846283,0.4859999999999996,0.4090909090909091,3,0.06818181818181818,pseudo_0.07_0.93_w0.25,stage3_submissions/submission_pseudo_lo0.07_hi0.93_w0.25.csv,0.7657341620846283
catboost_cw_1.0,class_weight,0.7614152522113316,0.5219999999999996,0.3636363636363636,1,0.022727272727272728,class_weight,stage3_submissions/submission_classweight_m1.00.csv,0.7644152522113316
toplike_80,shift,0.7642505277973258,0.5949999999999995,0.3409090909090909,0,0.0,shift,stage3_submissions/submission_shift_toplike_80.csv,0.7642505277973258
submission_pseudo_lo0.07_hi0.93_w0.50,pseudo_label,0.7633516614869711,0.5879999999999995,0.3409090909090909,0,0.0,pseudo_0.07_0.93_w0.5,stage3_submissions/submission_pseudo_lo0.07_hi0.93_w0.50.csv,0.7633516614869711
strong,shift,0.760769782452785,0.5959999999999995,0.4090909090909091,3,0.06818181818181818,shift,stage3_submissions/submission_shift_weight_strong.csv,0.762769782452785
ablation_catboost_no_date_year_month,feature_ablation,0.759478842935692,0.4729999999999996,0.38636363636363635,2,0.045454545454545456,catboost_ablation,stage3_submissions/submission_ablation_catboost_no_date_year_month.csv,0.762478842935692
submission_pseudo_lo0.03_hi0.97_w0.75,pseudo_label,0.7624671288548888,0.6329999999999995,0.3409090909090909,0,0.0,pseudo_0.03_0.97_w0.75,stage3_submissions/submission_pseudo_lo0.03_hi0.97_w0.75.csv,0.7624671288548888
ablation_catboost_top10,feature_ablation,0.7624193162801817,0.4889999999999996,0.3409090909090909,0,0.0,catboost_ablation,stage3_submissions/submission_ablation_catboost_top10.csv,0.7624193162801817
submission_pseudo_lo0.03_hi0.97_w0.50,pseudo_label,0.762180253406646,0.5169999999999996,0.3409090909090909,0,0.0,pseudo_0.03_0.97_w0.5,stage3_submissions/submission_pseudo_lo0.03_hi0.97_w0.50.csv,0.762180253406646
catboost_cw_3.0,class_weight,0.7621085345445853,0.7849999999999994,0.3409090909090909,0,0.0,class_weight,stage3_submissions/submission_classweight_m3.00.csv,0.7621085345445853
catboost_cw_0.5,class_weight,0.7576858713841741,0.4199999999999996,0.3636363636363636,1,0.022727272727272728,class_weight,stage3_submissions/submission_classweight_m0.50.csv,0.7606858713841741
ablation_catboost_no_high_shift_features,feature_ablation,0.7603394692804207,0.5709999999999995,0.3409090909090909,0,0.0,catboost_ablation,stage3_submissions/submission_ablation_catboost_no_high_shift_features.csv,0.7603394692804207
submission_pseudo_lo0.03_hi0.97_w0.25,pseudo_label,0.7583791537174276,0.6899999999999994,0.3409090909090909,0,0.0,pseudo_0.03_0.97_w0.25,stage3_submissions/submission_pseudo_lo0.03_hi0.97_w0.25.csv,0.7583791537174276
mild,shift,0.7548888357638058,0.6819999999999994,0.3181818181818182,1,0.022727272727272728,shift,stage3_submissions/submission_shift_weight_mild.csv,0.7578888357638058
extratrees_top20,ablation,0.7547932106143915,0.5569999999999995,0.3181818181818182,1,0.022727272727272728,ablation,stage3_submissions/submission_ablation_extratrees_top20.csv,0.7577932106143915
extratrees_top15,ablation,0.7547932106143915,0.5399999999999996,0.3636363636363636,1,0.022727272727272728,ablation,stage3_submissions/submission_ablation_extratrees_top15.csv,0.7577932106143915
extratrees_top10,ablation,0.753143676786995,0.5279999999999996,0.3636363636363636,1,0.022727272727272728,ablation,stage3_submissions/submission_ablation_extratrees_top10.csv,0.756143676786995
submission_thr_0.454_pos_0.386,threshold_sweep,0.7519244561319627,0.454,0.38636363636363635,2,0.045454545454545456,global+local_threshold_grid,stage3_submissions/submission_thr_0.454_pos_0.386.csv,0.7549244561319627
submission_thr_0.730_pos_0.318,threshold_sweep,0.7502749223045662,0.73,0.3181818181818182,1,0.022727272727272728,global+local_threshold_grid,stage3_submissions/submission_thr_0.730_pos_0.318.csv,0.7532749223045662
extratrees_top30,ablation,0.7463542911785799,0.5429999999999996,0.3636363636363636,1,0.022727272727272728,ablation,stage3_submissions/submission_ablation_extratrees_top30.csv,0.7493542911785799
extratrees_no_high_shift_features,ablation,0.7200095625149414,0.5349999999999996,0.3409090909090909,2,0.045454545454545456,ablation,stage3_submissions/submission_ablation_extratrees_no_high_shift_features.csv,0.7230095625149414
extratrees_no_interactions,ablation,0.71391345923978,0.5429999999999996,0.3863636363636363,4,0.09090909090909091,ablation,stage3_submissions/submission_ablation_extratrees_no_interactions.csv,0.71591345923978
extratrees_no_date_year_month,ablation,0.7073631365049008,0.5189999999999996,0.3636363636363636,5,0.11363636363636363,ablation,stage3_submissions/submission_ablation_extratrees_no_date_year_month.csv,0.7093631365049008
submission_thr_0.388_pos_0.409,threshold_sweep,0.7060243844131007,0.388,0.4090909090909091,3,0.06818181818181818,global+local_threshold_grid,stage3_submissions/submission_thr_0.388_pos_0.409.csv,0.7080243844131007
submission_thr_0.382_pos_0.432,threshold_sweep,0.7041357877121683,0.382,0.4318181818181818,4,0.09090909090909091,global+local_threshold_grid,stage3_submissions/submission_thr_0.382_pos_0.432.csv,0.7061357877121683
submission_thr_0.368_pos_0.455,threshold_sweep,0.6993545302414534,0.368,0.45454545454545453,5,0.11363636363636363,global+local_threshold_grid,stage3_submissions/submission_thr_0.368_pos_0.455.csv,0.7013545302414534
submission_thr_0.350_pos_0.500,threshold_sweep,0.6979440592875926,0.35000000000000003,0.5,7,0.1590909090909091,global+local_threshold_grid,stage3_submissions/submission_thr_0.350_pos_0.500.csv,0.6989440592875926
submission_thr_0.914_pos_0.295,threshold_sweep,0.6937365527133637,0.914,0.29545454545454547,2,0.045454545454545456,global+local_threshold_grid,stage3_submissions/submission_thr_0.914_pos_0.295.csv,0.6967365527133637
extratrees_all,ablation,0.6948362419316281,0.5149999999999996,0.4545454545454545,7,0.1590909090909091,ablation,stage3_submissions/submission_ablation_extratrees_all.csv,0.6958362419316281
extratrees_only_target_encoded_cat_plus_numeric,ablation,0.6948362419316281,0.5149999999999996,0.4545454545454545,7,0.1590909090909091,ablation,stage3_submissions/submission_ablation_extratrees_only_target_encoded_cat_plus_numeric.csv,0.6958362419316281
extratrees_one_hot_only,ablation,0.6948362419316281,0.5149999999999996,0.4545454545454545,7,0.1590909090909091,ablation,stage3_submissions/submission_ablation_extratrees_one_hot_only.csv,0.6958362419316281
submission_thr_0.358_pos_0.477,threshold_sweep,0.694334209897203,0.358,0.4772727272727273,6,0.13636363636363635,global+local_threshold_grid,stage3_submissions/submission_thr_0.358_pos_0.477.csv,0.695334209897203
submission_thr_0.920_pos_0.273,threshold_sweep,0.6891226392541239,0.92,0.2727272727272727,3,0.06818181818181818,global+local_threshold_grid,stage3_submissions/submission_thr_0.920_pos_0.273.csv,0.6911226392541239
submission_thr_0.922_pos_0.250,threshold_sweep,0.6878795123117379,0.922,0.25,4,0.09090909090909091,global+local_threshold_grid,stage3_submissions/submission_thr_0.922_pos_0.250.csv,0.6898795123117379
submission_thr_0.928_pos_0.227,threshold_sweep,0.6732727707387043,0.928,0.22727272727272727,5,0.11363636363636363,global+local_threshold_grid,stage3_submissions/submission_thr_0.928_pos_0.227.csv,0.6752727707387043
submission_thr_0.332_pos_0.523,threshold_sweep,0.6726512072675114,0.332,0.5227272727272727,8,0.18181818181818182,global+local_threshold_grid,stage3_submissions/submission_thr_0.332_pos_0.523.csv,0.6736512072675114
submission_thr_0.934_pos_0.205,threshold_sweep,0.6631604111881425,0.934,0.20454545454545456,6,0.13636363636363635,global+local_threshold_grid,stage3_submissions/submission_thr_0.934_pos_0.205.csv,0.6641604111881425
submission_thr_0.320_pos_0.545,threshold_sweep,0.6622519722687067,0.32,0.5454545454545454,9,0.20454545454545456,global+local_threshold_grid,stage3_submissions/submission_thr_0.320_pos_0.545.csv,0.6632519722687067
submission_thr_0.938_pos_0.159,threshold_sweep,0.6529285202008128,0.9380000000000001,0.1590909090909091,8,0.18181818181818182,global+local_threshold_grid,stage3_submissions/submission_thr_0.938_pos_0.159.csv,0.6539285202008128
submission_thr_0.312_pos_0.568,threshold_sweep,0.648601482189816,0.312,0.5681818181818182,10,0.22727272727272727,global+local_threshold_grid,stage3_submissions/submission_thr_0.312_pos_0.568.csv,0.649601482189816
submission_thr_0.306_pos_0.591,threshold_sweep,0.6468324169256514,0.306,0.5909090909090909,11,0.25,global+local_threshold_grid,stage3_submissions/submission_thr_0.306_pos_0.591.csv,0.6478324169256514
submission_thr_0.286_pos_0.614,threshold_sweep,0.6334209897202965,0.28600000000000003,0.6136363636363636,12,0.2727272727272727,global+local_threshold_grid,stage3_submissions/submission_thr_0.286_pos_0.614.csv,0.6334209897202965
submission_thr_0.942_pos_0.136,threshold_sweep,0.6349509921109252,0.9420000000000001,0.13636363636363635,9,0.20454545454545456,global+local_threshold_grid,stage3_submissions/submission_thr_0.942_pos_0.136.csv,0.6259509921109252
submission_thr_0.272_pos_0.636,threshold_sweep,0.6168778388716232,0.272,0.6363636363636364,13,0.29545454545454547,global+local_threshold_grid,stage3_submissions/submission_thr_0.272_pos_0.636.csv,0.6168778388716232
submission_thr_0.944_pos_0.091,threshold_sweep,0.6248386325603634,0.9440000000000001,0.09090909090909091,11,0.25,global+local_threshold_grid,stage3_submissions/submission_thr_0.944_pos_0.091.csv,0.6158386325603634
submission_thr_0.946_pos_0.068,threshold_sweep,0.6203442505378914,0.9460000000000001,0.06818181818181818,12,0.2727272727272727,global+local_threshold_grid,stage3_submissions/submission_thr_0.946_pos_0.068.csv,0.6103442505378914
ablation_catboost_catboost_native_only,feature_ablation,0.5887162323691131,0.5449999999999996,0.25,14,0.3181818181818182,catboost_ablation,stage3_submissions/submission_ablation_catboost_catboost_native_only.csv,0.5887162323691131
ablation_catboost_compact_clinical,feature_ablation,0.5885249820702845,0.5119999999999996,0.29545454545454547,12,0.2727272727272727,catboost_ablation,stage3_submissions/submission_ablation_catboost_compact_clinical.csv,0.5885249820702845
submission_thr_0.262_pos_0.659,threshold_sweep,0.5883337317714559,0.262,0.6590909090909091,14,0.3181818181818182,global+local_threshold_grid,stage3_submissions/submission_thr_0.262_pos_0.659.csv,0.5883337317714559
submission_thr_0.258_pos_0.682,threshold_sweep,0.5820702844848196,0.258,0.6818181818181818,15,0.3409090909090909,global+local_threshold_grid,stage3_submissions/submission_thr_0.258_pos_0.682.csv,0.5820702844848196
submission_thr_0.256_pos_0.705,threshold_sweep,0.5756873057614152,0.256,0.7045454545454546,16,0.36363636363636365,global+local_threshold_grid,stage3_submissions/submission_thr_0.256_pos_0.705.csv,0.5756873057614152
submission_thr_0.250_pos_0.750,threshold_sweep,0.5695433899115467,0.25,0.75,18,0.4090909090909091,global+local_threshold_grid,stage3_submissions/submission_thr_0.250_pos_0.750.csv,0.5695433899115467
submission_thr_0.248_pos_0.773,threshold_sweep,0.5674157303370787,0.248,0.7727272727272727,19,0.4318181818181818,global+local_threshold_grid,stage3_submissions/submission_thr_0.248_pos_0.773.csv,0.5674157303370787
ablation_catboost_strong_interactions_only,feature_ablation,0.5596700932345207,0.4889999999999996,0.5227272727272727,20,0.45454545454545453,catboost_ablation,stage3_submissions/submission_ablation_catboost_strong_interactions_only.csv,0.5596700932345207
submission_thr_0.960_pos_0.023,threshold_sweep,0.5674157303370786,0.96,0.022727272727272728,14,0.3181818181818182,global+local_threshold_grid,stage3_submissions/submission_thr_0.960_pos_0.023.csv,0.5574157303370786
extratrees_compact_clinical,ablation,0.557351183361224,0.4949999999999996,0.5454545454545454,21,0.4772727272727273,ablation,stage3_submissions/submission_ablation_extratrees_compact_clinical.csv,0.557351183361224
submission_thr_0.242_pos_0.818,threshold_sweep,0.5590246234759741,0.242,0.8181818181818182,21,0.4772727272727273,global+local_threshold_grid,stage3_submissions/submission_thr_0.242_pos_0.818.csv,0.5490246234759741
submission_thr_0.228_pos_0.841,threshold_sweep,0.5563710255797274,0.228,0.8409090909090909,22,0.5,global+local_threshold_grid,stage3_submissions/submission_thr_0.228_pos_0.841.csv,0.5463710255797274
extratrees_catboost_native_only,ablation,0.545900071718862,0.5219999999999996,0.4318181818181818,22,0.5,ablation,stage3_submissions/submission_ablation_extratrees_catboost_native_only.csv,0.545900071718862
submission_thr_0.224_pos_0.864,threshold_sweep,0.5554864929476453,0.224,0.8636363636363636,23,0.5227272727272727,global+local_threshold_grid,stage3_submissions/submission_thr_0.224_pos_0.864.csv,0.5454864929476453
extratrees_strong_interactions_only,ablation,0.5551757112120488,0.4599999999999996,0.8181818181818182,25,0.5681818181818182,ablation,stage3_submissions/submission_ablation_extratrees_strong_interactions_only.csv,0.5451757112120488
submission_thr_0.968_pos_0.000,threshold_sweep,0.5382022471910113,0.968,0.0,15,0.3409090909090909,global+local_threshold_grid,stage3_submissions/submission_thr_0.968_pos_0.000.csv,0.5282022471910113
ablation_catboost_intervals_only_no_year_month,feature_ablation,0.534903179536218,0.5209999999999996,0.11363636363636363,16,0.36363636363636365,catboost_ablation,stage3_submissions/submission_ablation_catboost_intervals_only_no_year_month.csv,0.524903179536218
extratrees_intervals_only_no_year_month,ablation,0.5288309825484102,0.6309999999999995,0.0454545454545454,15,0.3409090909090909,ablation,stage3_submissions/submission_ablation_extratrees_intervals_only_no_year_month.csv,0.5188309825484102
submission_thr_0.204_pos_0.886,threshold_sweep,0.5273009801577815,0.20400000000000001,0.8863636363636364,24,0.5454545454545454,global+local_threshold_grid,stage3_submissions/submission_thr_0.204_pos_0.886.csv,0.5173009801577815
submission_thr_0.200_pos_0.909,threshold_sweep,0.5262969160889314,0.2,0.9090909090909091,25,0.5681818181818182,global+local_threshold_grid,stage3_submissions/submission_thr_0.200_pos_0.909.csv,0.5162969160889314
submission_thr_0.196_pos_0.932,threshold_sweep,0.5241692565144633,0.196,0.9318181818181818,26,0.5909090909090909,global+local_threshold_grid,stage3_submissions/submission_thr_0.196_pos_0.932.csv,0.5141692565144633
submission_thr_0.190_pos_0.955,threshold_sweep,0.5199139373655272,0.19,0.9545454545454546,27,0.6136363636363636,global+local_threshold_grid,stage3_submissions/submission_thr_0.190_pos_0.955.csv,0.5099139373655271
submission_thr_0.136_pos_0.977,threshold_sweep,0.5031317236433182,0.136,0.9772727272727273,28,0.6363636363636364,global+local_threshold_grid,stage3_submissions/submission_thr_0.136_pos_0.977.csv,0.49313172364331814
submission_thr_0.010_pos_1.000,threshold_sweep,0.5,0.01,1.0,29,0.6590909090909091,global+local_threshold_grid,stage3_submissions/submission_thr_0.010_pos_1.000.csv,0.49
