submission_file,public_score,notes
./submission.csv,,
./submission_avg_ensemble.csv,,
./submission_best_single_model.csv,,
./submission_rank_ensemble.csv,,
./submission_stacking.csv,,
./submission_weighted_ensemble.csv,,
submissions/submission_01_best_oof.csv,,
submissions/submission_01_ensemble_avg_top3.csv,,
submissions/submission_02_conservative.csv,,
submissions/submission_02_ensemble_stacking_lr.csv,,
submissions/submission_03_aggressive.csv,,
submissions/submission_03_ensemble_avg_top5.csv,,
submissions/submission_04_ensemble_threshold_vote.csv,,
submissions/submission_04_threshold_train_posrate.csv,,
submissions/submission_05_logreg_full.csv,,
submissions/submission_05_weighted_ensemble.csv,,
submissions/submission_06_ensemble_weighted.csv,,
submissions/submission_06_rank_average.csv,,
submissions/submission_07_catboost_B_2_full_allseeds.csv,,
submissions/submission_07_stacking.csv,,
submissions/submission_08_catboost_A6_no_shift.csv,,
submissions/submission_08_catboost_best.csv,,
submissions/submission_09_catboost_compact.csv,,
submissions/submission_09_logreg_target_encoding_full.csv,,
submissions/submission_10_catboost_B_1_no_shift_allseeds.csv,,
submissions/submission_10_catboost_noshift.csv,,
submissions/submission_11_catboost_B_6_no_shift_allseeds.csv,,
submissions/submission_12_histgb_full.csv,,
submissions/submission_13_catboost_A2_full.csv,,
submissions/submission_14_catboost_A1_no_shift.csv,,
submissions/submission_15_catboost_A2_no_shift.csv,,
submissions/submission_16_catboost_A1_full.csv,,
submissions/submission_17_catboost_A4_full.csv,,
submissions/submission_18_catboost_A6_full.csv,,
submissions/submission_19_catboost_B_2_full_advweighted.csv,,
submissions/submission_20_logreg_no_shift.csv,,
submissions/submission_best_single_model.csv,,
submissions/submission_catalog.csv,,
submissions/submission_threshold_0.246.csv,,
submissions/submission_threshold_0.250.csv,,
submissions/submission_threshold_0.256.csv,,
submissions/submission_threshold_0.271.csv,,
submissions/submission_threshold_0.300.csv,,
submissions/submission_threshold_0.304.csv,,
submissions/submission_threshold_0.319.csv,,
submissions/submission_threshold_0.349.csv,,
submissions/submission_threshold_0.350.csv,,
submissions/submission_threshold_0.400.csv,,
submissions/submission_threshold_0.450.csv,,
submissions/submission_threshold_0.500.csv,,
submissions/submission_threshold_0.550.csv,,
submissions/submission_threshold_0.600.csv,,
submissions/submission_threshold_0.611.csv,,
