candidate_name,method,threshold,oof_bal_acc_proxy,test_positive_rate,changed_vs_anchor,diff_pct_vs_anchor,risk_category,note,file_path
submission_thr_0.010_pos_1.000,threshold_sweep,0.01,0.5,1.0,29,0.6590909090909091,extreme_25pct_plus,global+local_threshold_grid,stage3_submissions/submission_thr_0.010_pos_1.000.csv
submission_thr_0.136_pos_0.977,threshold_sweep,0.136,0.5031317236433182,0.9772727272727273,28,0.6363636363636364,extreme_25pct_plus,global+local_threshold_grid,stage3_submissions/submission_thr_0.136_pos_0.977.csv
submission_thr_0.190_pos_0.955,threshold_sweep,0.19,0.5199139373655272,0.9545454545454546,27,0.6136363636363636,extreme_25pct_plus,global+local_threshold_grid,stage3_submissions/submission_thr_0.190_pos_0.955.csv
submission_thr_0.196_pos_0.932,threshold_sweep,0.196,0.5241692565144633,0.9318181818181818,26,0.5909090909090909,extreme_25pct_plus,global+local_threshold_grid,stage3_submissions/submission_thr_0.196_pos_0.932.csv
submission_thr_0.200_pos_0.909,threshold_sweep,0.2,0.5262969160889314,0.9090909090909091,25,0.5681818181818182,extreme_25pct_plus,global+local_threshold_grid,stage3_submissions/submission_thr_0.200_pos_0.909.csv
submission_thr_0.204_pos_0.886,threshold_sweep,0.20400000000000001,0.5273009801577815,0.8863636363636364,24,0.5454545454545454,extreme_25pct_plus,global+local_threshold_grid,stage3_submissions/submission_thr_0.204_pos_0.886.csv
submission_thr_0.224_pos_0.864,threshold_sweep,0.224,0.5554864929476453,0.8636363636363636,23,0.5227272727272727,extreme_25pct_plus,global+local_threshold_grid,stage3_submissions/submission_thr_0.224_pos_0.864.csv
submission_thr_0.228_pos_0.841,threshold_sweep,0.228,0.5563710255797274,0.8409090909090909,22,0.5,extreme_25pct_plus,global+local_threshold_grid,stage3_submissions/submission_thr_0.228_pos_0.841.csv
submission_thr_0.242_pos_0.818,threshold_sweep,0.242,0.5590246234759741,0.8181818181818182,21,0.4772727272727273,extreme_25pct_plus,global+local_threshold_grid,stage3_submissions/submission_thr_0.242_pos_0.818.csv
submission_thr_0.248_pos_0.773,threshold_sweep,0.248,0.5674157303370787,0.7727272727272727,19,0.4318181818181818,extreme_25pct_plus,global+local_threshold_grid,stage3_submissions/submission_thr_0.248_pos_0.773.csv
submission_thr_0.250_pos_0.750,threshold_sweep,0.25,0.5695433899115467,0.75,18,0.4090909090909091,extreme_25pct_plus,global+local_threshold_grid,stage3_submissions/submission_thr_0.250_pos_0.750.csv
submission_thr_0.256_pos_0.705,threshold_sweep,0.256,0.5756873057614152,0.7045454545454546,16,0.36363636363636365,extreme_25pct_plus,global+local_threshold_grid,stage3_submissions/submission_thr_0.256_pos_0.705.csv
submission_thr_0.258_pos_0.682,threshold_sweep,0.258,0.5820702844848196,0.6818181818181818,15,0.3409090909090909,extreme_25pct_plus,global+local_threshold_grid,stage3_submissions/submission_thr_0.258_pos_0.682.csv
submission_thr_0.262_pos_0.659,threshold_sweep,0.262,0.5883337317714559,0.6590909090909091,14,0.3181818181818182,extreme_25pct_plus,global+local_threshold_grid,stage3_submissions/submission_thr_0.262_pos_0.659.csv
submission_thr_0.272_pos_0.636,threshold_sweep,0.272,0.6168778388716232,0.6363636363636364,13,0.29545454545454547,extreme_25pct_plus,global+local_threshold_grid,stage3_submissions/submission_thr_0.272_pos_0.636.csv
submission_thr_0.286_pos_0.614,threshold_sweep,0.28600000000000003,0.6334209897202965,0.6136363636363636,12,0.2727272727272727,extreme_25pct_plus,global+local_threshold_grid,stage3_submissions/submission_thr_0.286_pos_0.614.csv
submission_thr_0.306_pos_0.591,threshold_sweep,0.306,0.6468324169256514,0.5909090909090909,11,0.25,aggressive_12_25pct,global+local_threshold_grid,stage3_submissions/submission_thr_0.306_pos_0.591.csv
submission_thr_0.312_pos_0.568,threshold_sweep,0.312,0.648601482189816,0.5681818181818182,10,0.22727272727272727,aggressive_12_25pct,global+local_threshold_grid,stage3_submissions/submission_thr_0.312_pos_0.568.csv
submission_thr_0.320_pos_0.545,threshold_sweep,0.32,0.6622519722687067,0.5454545454545454,9,0.20454545454545456,aggressive_12_25pct,global+local_threshold_grid,stage3_submissions/submission_thr_0.320_pos_0.545.csv
submission_thr_0.332_pos_0.523,threshold_sweep,0.332,0.6726512072675114,0.5227272727272727,8,0.18181818181818182,aggressive_12_25pct,global+local_threshold_grid,stage3_submissions/submission_thr_0.332_pos_0.523.csv
submission_thr_0.350_pos_0.500,threshold_sweep,0.35000000000000003,0.6979440592875926,0.5,7,0.1590909090909091,aggressive_12_25pct,global+local_threshold_grid,stage3_submissions/submission_thr_0.350_pos_0.500.csv
submission_thr_0.358_pos_0.477,threshold_sweep,0.358,0.694334209897203,0.4772727272727273,6,0.13636363636363635,aggressive_12_25pct,global+local_threshold_grid,stage3_submissions/submission_thr_0.358_pos_0.477.csv
submission_thr_0.368_pos_0.455,threshold_sweep,0.368,0.6993545302414534,0.45454545454545453,5,0.11363636363636363,medium_5_12pct,global+local_threshold_grid,stage3_submissions/submission_thr_0.368_pos_0.455.csv
submission_thr_0.382_pos_0.432,threshold_sweep,0.382,0.7041357877121683,0.4318181818181818,4,0.09090909090909091,medium_5_12pct,global+local_threshold_grid,stage3_submissions/submission_thr_0.382_pos_0.432.csv
submission_thr_0.388_pos_0.409,threshold_sweep,0.388,0.7060243844131007,0.4090909090909091,3,0.06818181818181818,medium_5_12pct,global+local_threshold_grid,stage3_submissions/submission_thr_0.388_pos_0.409.csv
submission_thr_0.454_pos_0.386,threshold_sweep,0.454,0.7519244561319627,0.38636363636363635,2,0.045454545454545456,close_1_5pct,global+local_threshold_grid,stage3_submissions/submission_thr_0.454_pos_0.386.csv
submission_thr_0.556_pos_0.364,threshold_sweep,0.556,0.7722926129572077,0.36363636363636365,1,0.022727272727272728,close_1_5pct,global+local_threshold_grid,stage3_submissions/submission_thr_0.556_pos_0.364.csv
submission_thr_0.564_pos_0.341,threshold_sweep,0.5640000000000001,0.77317714558929,0.3409090909090909,0,0.0,close_1_5pct,global+local_threshold_grid,stage3_submissions/submission_thr_0.564_pos_0.341.csv
submission_thr_0.730_pos_0.318,threshold_sweep,0.73,0.7502749223045662,0.3181818181818182,1,0.022727272727272728,close_1_5pct,global+local_threshold_grid,stage3_submissions/submission_thr_0.730_pos_0.318.csv
submission_thr_0.914_pos_0.295,threshold_sweep,0.914,0.6937365527133637,0.29545454545454547,2,0.045454545454545456,close_1_5pct,global+local_threshold_grid,stage3_submissions/submission_thr_0.914_pos_0.295.csv
submission_thr_0.920_pos_0.273,threshold_sweep,0.92,0.6891226392541239,0.2727272727272727,3,0.06818181818181818,medium_5_12pct,global+local_threshold_grid,stage3_submissions/submission_thr_0.920_pos_0.273.csv
submission_thr_0.922_pos_0.250,threshold_sweep,0.922,0.6878795123117379,0.25,4,0.09090909090909091,medium_5_12pct,global+local_threshold_grid,stage3_submissions/submission_thr_0.922_pos_0.250.csv
submission_thr_0.928_pos_0.227,threshold_sweep,0.928,0.6732727707387043,0.22727272727272727,5,0.11363636363636363,medium_5_12pct,global+local_threshold_grid,stage3_submissions/submission_thr_0.928_pos_0.227.csv
submission_thr_0.934_pos_0.205,threshold_sweep,0.934,0.6631604111881425,0.20454545454545456,6,0.13636363636363635,aggressive_12_25pct,global+local_threshold_grid,stage3_submissions/submission_thr_0.934_pos_0.205.csv
submission_thr_0.938_pos_0.159,threshold_sweep,0.9380000000000001,0.6529285202008128,0.1590909090909091,8,0.18181818181818182,aggressive_12_25pct,global+local_threshold_grid,stage3_submissions/submission_thr_0.938_pos_0.159.csv
submission_thr_0.942_pos_0.136,threshold_sweep,0.9420000000000001,0.6349509921109252,0.13636363636363635,9,0.20454545454545456,aggressive_12_25pct,global+local_threshold_grid,stage3_submissions/submission_thr_0.942_pos_0.136.csv
submission_thr_0.944_pos_0.091,threshold_sweep,0.9440000000000001,0.6248386325603634,0.09090909090909091,11,0.25,aggressive_12_25pct,global+local_threshold_grid,stage3_submissions/submission_thr_0.944_pos_0.091.csv
submission_thr_0.946_pos_0.068,threshold_sweep,0.9460000000000001,0.6203442505378914,0.06818181818181818,12,0.2727272727272727,extreme_25pct_plus,global+local_threshold_grid,stage3_submissions/submission_thr_0.946_pos_0.068.csv
submission_thr_0.960_pos_0.023,threshold_sweep,0.96,0.5674157303370786,0.022727272727272728,14,0.3181818181818182,extreme_25pct_plus,global+local_threshold_grid,stage3_submissions/submission_thr_0.960_pos_0.023.csv
submission_thr_0.968_pos_0.000,threshold_sweep,0.968,0.5382022471910113,0.0,15,0.3409090909090909,extreme_25pct_plus,global+local_threshold_grid,stage3_submissions/submission_thr_0.968_pos_0.000.csv
